--
-- PostgreSQL database dump
--

-- Dumped from database version 14.17 (Ubuntu 14.17-0ubuntu0.22.04.1)
-- Dumped by pg_dump version 14.17 (Ubuntu 14.17-0ubuntu0.22.04.1)

SET statement_timeout = 0;
SET lock_timeout = 0;
SET idle_in_transaction_session_timeout = 0;
SET client_encoding = 'UTF8';
SET standard_conforming_strings = on;
SELECT pg_catalog.set_config('search_path', '', false);
SET check_function_bodies = false;
SET xmloption = content;
SET client_min_messages = warning;
SET row_security = off;

SET default_tablespace = '';

SET default_table_access_method = heap;

--
-- Name: auth_group; Type: TABLE; Schema: public; Owner: postgres
--

CREATE TABLE public.auth_group (
    id integer NOT NULL,
    name character varying(150) NOT NULL
);


ALTER TABLE public.auth_group OWNER TO postgres;

--
-- Name: auth_group_id_seq; Type: SEQUENCE; Schema: public; Owner: postgres
--

ALTER TABLE public.auth_group ALTER COLUMN id ADD GENERATED BY DEFAULT AS IDENTITY (
    SEQUENCE NAME public.auth_group_id_seq
    START WITH 1
    INCREMENT BY 1
    NO MINVALUE
    NO MAXVALUE
    CACHE 1
);


--
-- Name: auth_group_permissions; Type: TABLE; Schema: public; Owner: postgres
--

CREATE TABLE public.auth_group_permissions (
    id bigint NOT NULL,
    group_id integer NOT NULL,
    permission_id integer NOT NULL
);


ALTER TABLE public.auth_group_permissions OWNER TO postgres;

--
-- Name: auth_group_permissions_id_seq; Type: SEQUENCE; Schema: public; Owner: postgres
--

ALTER TABLE public.auth_group_permissions ALTER COLUMN id ADD GENERATED BY DEFAULT AS IDENTITY (
    SEQUENCE NAME public.auth_group_permissions_id_seq
    START WITH 1
    INCREMENT BY 1
    NO MINVALUE
    NO MAXVALUE
    CACHE 1
);


--
-- Name: auth_permission; Type: TABLE; Schema: public; Owner: postgres
--

CREATE TABLE public.auth_permission (
    id integer NOT NULL,
    name character varying(255) NOT NULL,
    content_type_id integer NOT NULL,
    codename character varying(100) NOT NULL
);


ALTER TABLE public.auth_permission OWNER TO postgres;

--
-- Name: auth_permission_id_seq; Type: SEQUENCE; Schema: public; Owner: postgres
--

ALTER TABLE public.auth_permission ALTER COLUMN id ADD GENERATED BY DEFAULT AS IDENTITY (
    SEQUENCE NAME public.auth_permission_id_seq
    START WITH 1
    INCREMENT BY 1
    NO MINVALUE
    NO MAXVALUE
    CACHE 1
);


--
-- Name: auth_user; Type: TABLE; Schema: public; Owner: postgres
--

CREATE TABLE public.auth_user (
    id integer NOT NULL,
    password character varying(128) NOT NULL,
    last_login timestamp with time zone,
    is_superuser boolean NOT NULL,
    username character varying(150) NOT NULL,
    first_name character varying(150) NOT NULL,
    last_name character varying(150) NOT NULL,
    email character varying(254) NOT NULL,
    is_staff boolean NOT NULL,
    is_active boolean NOT NULL,
    date_joined timestamp with time zone NOT NULL
);


ALTER TABLE public.auth_user OWNER TO postgres;

--
-- Name: auth_user_groups; Type: TABLE; Schema: public; Owner: postgres
--

CREATE TABLE public.auth_user_groups (
    id bigint NOT NULL,
    user_id integer NOT NULL,
    group_id integer NOT NULL
);


ALTER TABLE public.auth_user_groups OWNER TO postgres;

--
-- Name: auth_user_groups_id_seq; Type: SEQUENCE; Schema: public; Owner: postgres
--

ALTER TABLE public.auth_user_groups ALTER COLUMN id ADD GENERATED BY DEFAULT AS IDENTITY (
    SEQUENCE NAME public.auth_user_groups_id_seq
    START WITH 1
    INCREMENT BY 1
    NO MINVALUE
    NO MAXVALUE
    CACHE 1
);


--
-- Name: auth_user_id_seq; Type: SEQUENCE; Schema: public; Owner: postgres
--

ALTER TABLE public.auth_user ALTER COLUMN id ADD GENERATED BY DEFAULT AS IDENTITY (
    SEQUENCE NAME public.auth_user_id_seq
    START WITH 1
    INCREMENT BY 1
    NO MINVALUE
    NO MAXVALUE
    CACHE 1
);


--
-- Name: auth_user_user_permissions; Type: TABLE; Schema: public; Owner: postgres
--

CREATE TABLE public.auth_user_user_permissions (
    id bigint NOT NULL,
    user_id integer NOT NULL,
    permission_id integer NOT NULL
);


ALTER TABLE public.auth_user_user_permissions OWNER TO postgres;

--
-- Name: auth_user_user_permissions_id_seq; Type: SEQUENCE; Schema: public; Owner: postgres
--

ALTER TABLE public.auth_user_user_permissions ALTER COLUMN id ADD GENERATED BY DEFAULT AS IDENTITY (
    SEQUENCE NAME public.auth_user_user_permissions_id_seq
    START WITH 1
    INCREMENT BY 1
    NO MINVALUE
    NO MAXVALUE
    CACHE 1
);


--
-- Name: category; Type: TABLE; Schema: public; Owner: postgres
--

CREATE TABLE public.category (
    category_id bigint NOT NULL,
    name character varying(50) NOT NULL,
    imgc character varying(100) NOT NULL,
    admin_id bigint NOT NULL
);


ALTER TABLE public.category OWNER TO postgres;

--
-- Name: category_category_id_seq; Type: SEQUENCE; Schema: public; Owner: postgres
--

CREATE SEQUENCE public.category_category_id_seq
    START WITH 1
    INCREMENT BY 1
    NO MINVALUE
    NO MAXVALUE
    CACHE 1;


ALTER TABLE public.category_category_id_seq OWNER TO postgres;

--
-- Name: category_category_id_seq; Type: SEQUENCE OWNED BY; Schema: public; Owner: postgres
--

ALTER SEQUENCE public.category_category_id_seq OWNED BY public.category.category_id;


--
-- Name: client; Type: TABLE; Schema: public; Owner: postgres
--

CREATE TABLE public.client (
    user_id bigint NOT NULL,
    user_name character varying(100) NOT NULL,
    email character varying(100) NOT NULL,
    phone bigint NOT NULL,
    address character varying(50) NOT NULL,
    password character varying(50) NOT NULL
);


ALTER TABLE public.client OWNER TO postgres;

--
-- Name: client_user_id_seq; Type: SEQUENCE; Schema: public; Owner: postgres
--

CREATE SEQUENCE public.client_user_id_seq
    START WITH 1
    INCREMENT BY 1
    NO MINVALUE
    NO MAXVALUE
    CACHE 1;


ALTER TABLE public.client_user_id_seq OWNER TO postgres;

--
-- Name: client_user_id_seq; Type: SEQUENCE OWNED BY; Schema: public; Owner: postgres
--

ALTER SEQUENCE public.client_user_id_seq OWNED BY public.client.user_id;


--
-- Name: color; Type: TABLE; Schema: public; Owner: postgres
--

CREATE TABLE public.color (
    color_id bigint NOT NULL,
    name character varying(25) NOT NULL,
    img character varying(70) NOT NULL,
    admin_id bigint NOT NULL
);


ALTER TABLE public.color OWNER TO postgres;

--
-- Name: color_color_id_seq; Type: SEQUENCE; Schema: public; Owner: postgres
--

CREATE SEQUENCE public.color_color_id_seq
    START WITH 1
    INCREMENT BY 1
    NO MINVALUE
    NO MAXVALUE
    CACHE 1;


ALTER TABLE public.color_color_id_seq OWNER TO postgres;

--
-- Name: color_color_id_seq; Type: SEQUENCE OWNED BY; Schema: public; Owner: postgres
--

ALTER SEQUENCE public.color_color_id_seq OWNED BY public.color.color_id;


--
-- Name: django_admin_log; Type: TABLE; Schema: public; Owner: postgres
--

CREATE TABLE public.django_admin_log (
    id integer NOT NULL,
    action_time timestamp with time zone NOT NULL,
    object_id text,
    object_repr character varying(200) NOT NULL,
    action_flag smallint NOT NULL,
    change_message text NOT NULL,
    content_type_id integer,
    user_id integer NOT NULL,
    CONSTRAINT django_admin_log_action_flag_check CHECK ((action_flag >= 0))
);


ALTER TABLE public.django_admin_log OWNER TO postgres;

--
-- Name: django_admin_log_id_seq; Type: SEQUENCE; Schema: public; Owner: postgres
--

ALTER TABLE public.django_admin_log ALTER COLUMN id ADD GENERATED BY DEFAULT AS IDENTITY (
    SEQUENCE NAME public.django_admin_log_id_seq
    START WITH 1
    INCREMENT BY 1
    NO MINVALUE
    NO MAXVALUE
    CACHE 1
);


--
-- Name: django_content_type; Type: TABLE; Schema: public; Owner: postgres
--

CREATE TABLE public.django_content_type (
    id integer NOT NULL,
    app_label character varying(100) NOT NULL,
    model character varying(100) NOT NULL
);


ALTER TABLE public.django_content_type OWNER TO postgres;

--
-- Name: django_content_type_id_seq; Type: SEQUENCE; Schema: public; Owner: postgres
--

ALTER TABLE public.django_content_type ALTER COLUMN id ADD GENERATED BY DEFAULT AS IDENTITY (
    SEQUENCE NAME public.django_content_type_id_seq
    START WITH 1
    INCREMENT BY 1
    NO MINVALUE
    NO MAXVALUE
    CACHE 1
);


--
-- Name: django_migrations; Type: TABLE; Schema: public; Owner: postgres
--

CREATE TABLE public.django_migrations (
    id bigint NOT NULL,
    app character varying(255) NOT NULL,
    name character varying(255) NOT NULL,
    applied timestamp with time zone NOT NULL
);


ALTER TABLE public.django_migrations OWNER TO postgres;

--
-- Name: django_migrations_id_seq; Type: SEQUENCE; Schema: public; Owner: postgres
--

ALTER TABLE public.django_migrations ALTER COLUMN id ADD GENERATED BY DEFAULT AS IDENTITY (
    SEQUENCE NAME public.django_migrations_id_seq
    START WITH 1
    INCREMENT BY 1
    NO MINVALUE
    NO MAXVALUE
    CACHE 1
);


--
-- Name: django_session; Type: TABLE; Schema: public; Owner: postgres
--

CREATE TABLE public.django_session (
    session_key character varying(40) NOT NULL,
    session_data text NOT NULL,
    expire_date timestamp with time zone NOT NULL
);


ALTER TABLE public.django_session OWNER TO postgres;

--
-- Name: product; Type: TABLE; Schema: public; Owner: postgres
--

CREATE TABLE public.product (
    product_id bigint NOT NULL,
    name character varying(100) NOT NULL,
    "desc" character varying(600) NOT NULL,
    img character varying(100) NOT NULL,
    price bigint NOT NULL,
    admin_id bigint NOT NULL,
    category_id bigint NOT NULL,
    design character varying(400),
    detail character varying(400)
);


ALTER TABLE public.product OWNER TO postgres;

--
-- Name: product_color; Type: TABLE; Schema: public; Owner: postgres
--

CREATE TABLE public.product_color (
    pc_id bigint NOT NULL,
    product_id bigint NOT NULL,
    color_id bigint NOT NULL
);


ALTER TABLE public.product_color OWNER TO postgres;

--
-- Name: product_color_pc_id_seq; Type: SEQUENCE; Schema: public; Owner: postgres
--

CREATE SEQUENCE public.product_color_pc_id_seq
    START WITH 1
    INCREMENT BY 1
    NO MINVALUE
    NO MAXVALUE
    CACHE 1;


ALTER TABLE public.product_color_pc_id_seq OWNER TO postgres;

--
-- Name: product_color_pc_id_seq; Type: SEQUENCE OWNED BY; Schema: public; Owner: postgres
--

ALTER SEQUENCE public.product_color_pc_id_seq OWNED BY public.product_color.pc_id;


--
-- Name: product_product_id_seq; Type: SEQUENCE; Schema: public; Owner: postgres
--

CREATE SEQUENCE public.product_product_id_seq
    START WITH 1
    INCREMENT BY 1
    NO MINVALUE
    NO MAXVALUE
    CACHE 1;


ALTER TABLE public.product_product_id_seq OWNER TO postgres;

--
-- Name: product_product_id_seq; Type: SEQUENCE OWNED BY; Schema: public; Owner: postgres
--

ALTER SEQUENCE public.product_product_id_seq OWNED BY public.product.product_id;


--
-- Name: product_user; Type: TABLE; Schema: public; Owner: postgres
--

CREATE TABLE public.product_user (
    pu_id bigint NOT NULL,
    product_id bigint NOT NULL,
    user_id bigint NOT NULL
);


ALTER TABLE public.product_user OWNER TO postgres;

--
-- Name: product_user_pu_id_seq; Type: SEQUENCE; Schema: public; Owner: postgres
--

CREATE SEQUENCE public.product_user_pu_id_seq
    START WITH 1
    INCREMENT BY 1
    NO MINVALUE
    NO MAXVALUE
    CACHE 1;


ALTER TABLE public.product_user_pu_id_seq OWNER TO postgres;

--
-- Name: product_user_pu_id_seq; Type: SEQUENCE OWNED BY; Schema: public; Owner: postgres
--

ALTER SEQUENCE public.product_user_pu_id_seq OWNED BY public.product_user.pu_id;


--
-- Name: suber; Type: TABLE; Schema: public; Owner: postgres
--

CREATE TABLE public.suber (
    admin_id bigint NOT NULL,
    fname character varying(50) NOT NULL,
    password bigint NOT NULL
);


ALTER TABLE public.suber OWNER TO postgres;

--
-- Name: suber_admin_id_seq; Type: SEQUENCE; Schema: public; Owner: postgres
--

CREATE SEQUENCE public.suber_admin_id_seq
    START WITH 1
    INCREMENT BY 1
    NO MINVALUE
    NO MAXVALUE
    CACHE 1;


ALTER TABLE public.suber_admin_id_seq OWNER TO postgres;

--
-- Name: suber_admin_id_seq; Type: SEQUENCE OWNED BY; Schema: public; Owner: postgres
--

ALTER SEQUENCE public.suber_admin_id_seq OWNED BY public.suber.admin_id;


--
-- Name: category category_id; Type: DEFAULT; Schema: public; Owner: postgres
--

ALTER TABLE ONLY public.category ALTER COLUMN category_id SET DEFAULT nextval('public.category_category_id_seq'::regclass);


--
-- Name: client user_id; Type: DEFAULT; Schema: public; Owner: postgres
--

ALTER TABLE ONLY public.client ALTER COLUMN user_id SET DEFAULT nextval('public.client_user_id_seq'::regclass);


--
-- Name: color color_id; Type: DEFAULT; Schema: public; Owner: postgres
--

ALTER TABLE ONLY public.color ALTER COLUMN color_id SET DEFAULT nextval('public.color_color_id_seq'::regclass);


--
-- Name: product product_id; Type: DEFAULT; Schema: public; Owner: postgres
--

ALTER TABLE ONLY public.product ALTER COLUMN product_id SET DEFAULT nextval('public.product_product_id_seq'::regclass);


--
-- Name: product_color pc_id; Type: DEFAULT; Schema: public; Owner: postgres
--

ALTER TABLE ONLY public.product_color ALTER COLUMN pc_id SET DEFAULT nextval('public.product_color_pc_id_seq'::regclass);


--
-- Name: product_user pu_id; Type: DEFAULT; Schema: public; Owner: postgres
--

ALTER TABLE ONLY public.product_user ALTER COLUMN pu_id SET DEFAULT nextval('public.product_user_pu_id_seq'::regclass);


--
-- Name: suber admin_id; Type: DEFAULT; Schema: public; Owner: postgres
--

ALTER TABLE ONLY public.suber ALTER COLUMN admin_id SET DEFAULT nextval('public.suber_admin_id_seq'::regclass);


--
-- Data for Name: auth_group; Type: TABLE DATA; Schema: public; Owner: postgres
--

COPY public.auth_group (id, name) FROM stdin;
\.


--
-- Data for Name: auth_group_permissions; Type: TABLE DATA; Schema: public; Owner: postgres
--

COPY public.auth_group_permissions (id, group_id, permission_id) FROM stdin;
\.


--
-- Data for Name: auth_permission; Type: TABLE DATA; Schema: public; Owner: postgres
--

COPY public.auth_permission (id, name, content_type_id, codename) FROM stdin;
1	Can add log entry	1	add_logentry
2	Can change log entry	1	change_logentry
3	Can delete log entry	1	delete_logentry
4	Can view log entry	1	view_logentry
5	Can add permission	2	add_permission
6	Can change permission	2	change_permission
7	Can delete permission	2	delete_permission
8	Can view permission	2	view_permission
9	Can add group	3	add_group
10	Can change group	3	change_group
11	Can delete group	3	delete_group
12	Can view group	3	view_group
13	Can add user	4	add_user
14	Can change user	4	change_user
15	Can delete user	4	delete_user
16	Can view user	4	view_user
17	Can add content type	5	add_contenttype
18	Can change content type	5	change_contenttype
19	Can delete content type	5	delete_contenttype
20	Can view content type	5	view_contenttype
21	Can add session	6	add_session
22	Can change session	6	change_session
23	Can delete session	6	delete_session
24	Can view session	6	view_session
25	Can add client	7	add_client
26	Can change client	7	change_client
27	Can delete client	7	delete_client
28	Can view client	7	view_client
29	Can add auth group	8	add_authgroup
30	Can change auth group	8	change_authgroup
31	Can delete auth group	8	delete_authgroup
32	Can view auth group	8	view_authgroup
33	Can add auth group permissions	9	add_authgrouppermissions
34	Can change auth group permissions	9	change_authgrouppermissions
35	Can delete auth group permissions	9	delete_authgrouppermissions
36	Can view auth group permissions	9	view_authgrouppermissions
37	Can add auth permission	10	add_authpermission
38	Can change auth permission	10	change_authpermission
39	Can delete auth permission	10	delete_authpermission
40	Can view auth permission	10	view_authpermission
41	Can add auth user	11	add_authuser
42	Can change auth user	11	change_authuser
43	Can delete auth user	11	delete_authuser
44	Can view auth user	11	view_authuser
45	Can add auth user groups	12	add_authusergroups
46	Can change auth user groups	12	change_authusergroups
47	Can delete auth user groups	12	delete_authusergroups
48	Can view auth user groups	12	view_authusergroups
49	Can add auth user user permissions	13	add_authuseruserpermissions
50	Can change auth user user permissions	13	change_authuseruserpermissions
51	Can delete auth user user permissions	13	delete_authuseruserpermissions
52	Can view auth user user permissions	13	view_authuseruserpermissions
53	Can add category	14	add_category
54	Can change category	14	change_category
55	Can delete category	14	delete_category
56	Can view category	14	view_category
57	Can add color	15	add_color
58	Can change color	15	change_color
59	Can delete color	15	delete_color
60	Can view color	15	view_color
61	Can add django admin log	16	add_djangoadminlog
62	Can change django admin log	16	change_djangoadminlog
63	Can delete django admin log	16	delete_djangoadminlog
64	Can view django admin log	16	view_djangoadminlog
65	Can add django content type	17	add_djangocontenttype
66	Can change django content type	17	change_djangocontenttype
67	Can delete django content type	17	delete_djangocontenttype
68	Can view django content type	17	view_djangocontenttype
69	Can add django migrations	18	add_djangomigrations
70	Can change django migrations	18	change_djangomigrations
71	Can delete django migrations	18	delete_djangomigrations
72	Can view django migrations	18	view_djangomigrations
73	Can add django session	19	add_djangosession
74	Can change django session	19	change_djangosession
75	Can delete django session	19	delete_djangosession
76	Can view django session	19	view_djangosession
77	Can add product	20	add_product
78	Can change product	20	change_product
79	Can delete product	20	delete_product
80	Can view product	20	view_product
81	Can add product color	21	add_productcolor
82	Can change product color	21	change_productcolor
83	Can delete product color	21	delete_productcolor
84	Can view product color	21	view_productcolor
85	Can add product user	22	add_productuser
86	Can change product user	22	change_productuser
87	Can delete product user	22	delete_productuser
88	Can view product user	22	view_productuser
89	Can add suber	23	add_suber
90	Can change suber	23	change_suber
91	Can delete suber	23	delete_suber
92	Can view suber	23	view_suber
93	Can add client	24	add_client
94	Can change client	24	change_client
95	Can delete client	24	delete_client
96	Can view client	24	view_client
\.


--
-- Data for Name: auth_user; Type: TABLE DATA; Schema: public; Owner: postgres
--

COPY public.auth_user (id, password, last_login, is_superuser, username, first_name, last_name, email, is_staff, is_active, date_joined) FROM stdin;
2	pbkdf2_sha256$870000$jluJ6tmVFTbzIn0VIEQL66$24GjvjVxryI1s8+DPIleQg284JBRgch926KgC8Hf2Ss=	\N	f	ahmed			ah@aa.aa	f	t	2025-03-21 02:16:43.301528+02
1	pbkdf2_sha256$870000$8NZPtpNauN003RwPLxdZca$5AwptsXoDb0xXRY1jv+TsfzIfCHvqebGzwGjMpY7kN0=	2025-03-22 04:45:39.48592+02	t	eng-bassem			bassembeshay50@gmail.com	t	t	2025-03-15 14:30:15.464131+02
\.


--
-- Data for Name: auth_user_groups; Type: TABLE DATA; Schema: public; Owner: postgres
--

COPY public.auth_user_groups (id, user_id, group_id) FROM stdin;
\.


--
-- Data for Name: auth_user_user_permissions; Type: TABLE DATA; Schema: public; Owner: postgres
--

COPY public.auth_user_user_permissions (id, user_id, permission_id) FROM stdin;
\.


--
-- Data for Name: category; Type: TABLE DATA; Schema: public; Owner: postgres
--

COPY public.category (category_id, name, imgc, admin_id) FROM stdin;
3	Necklaces	category_images/5_VFgqpMe.jpeg	2
4	Bracelets	category_images/7.jpeg	2
5	Earrings	category_images/4.jpg	2
2	Rings	category_images/50.jpg	2
6	Anklets	category_images/90.jpg	2
7	Sunglasses	category_images/500.jpg	2
8	Watches	category_images/8080.jpg	2
9	Handbags	category_images/900.webp	2
10	Backpacks	category_images/78979.jpeg	2
11	Earphone Cases	category_images/1221.jpg	2
\.


--
-- Data for Name: client; Type: TABLE DATA; Schema: public; Owner: postgres
--

COPY public.client (user_id, user_name, email, phone, address, password) FROM stdin;
1	mnem	mnem@gmail.com	1228986508	assiut	1234567
3	bassem	bassem.beshay@yahoo.com	125487	assiut	123456789
4	ayman	ah@aa.aa	1234679864	assiut	12345
\.


--
-- Data for Name: color; Type: TABLE DATA; Schema: public; Owner: postgres
--

COPY public.color (color_id, name, img, admin_id) FROM stdin;
6	red	color_images/احمر.png	2
7	silver	color_images/يييييي.png	2
\.


--
-- Data for Name: django_admin_log; Type: TABLE DATA; Schema: public; Owner: postgres
--

COPY public.django_admin_log (id, action_time, object_id, object_repr, action_flag, change_message, content_type_id, user_id) FROM stdin;
1	2025-03-15 14:50:15.278374+02	1	Suber object (1)	1	[{"added": {}}]	23	1
2	2025-03-15 14:53:10.752884+02	1	Category object (1)	1	[{"added": {}}]	14	1
3	2025-03-15 15:08:04.524427+02	1	Product object (1)	1	[{"added": {}}]	20	1
4	2025-03-15 15:09:50.698122+02	1	Color object (1)	1	[{"added": {}}]	15	1
5	2025-03-15 15:10:20.856034+02	1	ProductColor object (1)	1	[{"added": {}}]	21	1
6	2025-03-15 15:51:49.671452+02	1	Category object (1)	3		14	1
7	2025-03-15 15:51:59.582833+02	1	Category object (1)	3		14	1
8	2025-03-15 15:52:38.239231+02	1	Suber object (1)	3		23	1
9	2025-03-15 16:18:33.503738+02	2	Suber object (2)	1	[{"added": {}}]	23	1
10	2025-03-15 16:19:31.392792+02	2	Category object (2)	1	[{"added": {}}]	14	1
11	2025-03-15 16:20:21.164759+02	2	Product object (2)	1	[{"added": {}}]	20	1
12	2025-03-15 16:21:32.984444+02	1	Client object (1)	1	[{"added": {}}]	24	1
13	2025-03-15 16:21:49.31338+02	2	Color object (2)	1	[{"added": {}}]	15	1
14	2025-03-15 16:22:02.148798+02	1	ProductUser object (1)	1	[{"added": {}}]	22	1
15	2025-03-15 16:22:17.807007+02	2	ProductColor object (2)	1	[{"added": {}}]	21	1
16	2025-03-15 17:42:35.389239+02	3	Product object (3)	1	[{"added": {}}]	20	1
17	2025-03-15 17:43:28.730735+02	3	Product object (3)	2	[{"changed": {"fields": ["Name"]}}]	20	1
18	2025-03-18 04:28:28.883362+02	2	red	2	[]	15	1
19	2025-03-18 04:28:47.844438+02	3	green	1	[{"added": {}}]	15	1
20	2025-03-18 04:29:00.529595+02	2	ProductColor object (2)	2	[]	21	1
21	2025-03-18 04:29:11.137924+02	3	ProductColor object (3)	1	[{"added": {}}]	21	1
22	2025-03-18 04:30:43.085576+02	1	ProductUser object (1)	2	[]	22	1
23	2025-03-18 04:35:06.529846+02	3	green	3		15	1
24	2025-03-18 04:35:24.111699+02	3	ProductColor object (3)	3		21	1
25	2025-03-18 04:35:34.133715+02	3	green	3		15	1
26	2025-03-18 04:52:33.202949+02	2	ProductColor object (2)	2	[]	21	1
27	2025-03-18 04:52:55.86786+02	4	green	1	[{"added": {}}]	15	1
28	2025-03-18 04:52:59.347552+02	4	ProductColor object (4)	1	[{"added": {}}]	21	1
29	2025-03-19 02:03:28.02411+02	5	brown	1	[{"added": {}}]	15	1
30	2025-03-19 02:03:30.409173+02	5	ProductColor object (5)	1	[{"added": {}}]	21	1
31	2025-03-19 02:21:20.439891+02	2	almas	2	[{"changed": {"fields": ["Imgc"]}}]	14	1
32	2025-03-19 19:35:53.861681+02	2	Rings	2	[{"changed": {"fields": ["Name", "Imgc"]}}]	14	1
33	2025-03-19 19:36:17.346146+02	2	Rings	2	[{"changed": {"fields": ["Imgc"]}}]	14	1
34	2025-03-19 19:36:35.81716+02	2	Rings	2	[{"changed": {"fields": ["Imgc"]}}]	14	1
35	2025-03-19 19:37:05.786267+02	2	Rings	2	[{"changed": {"fields": ["Imgc"]}}]	14	1
36	2025-03-19 19:37:42.897347+02	3	Necklaces	1	[{"added": {}}]	14	1
37	2025-03-19 19:43:17.773905+02	3	Necklaces	2	[{"changed": {"fields": ["Imgc"]}}]	14	1
38	2025-03-19 19:43:40.91245+02	2	Rings	2	[{"changed": {"fields": ["Imgc"]}}]	14	1
39	2025-03-19 19:45:31.775239+02	3	Necklaces	2	[{"changed": {"fields": ["Imgc"]}}]	14	1
40	2025-03-19 19:45:39.595248+02	2	Rings	2	[{"changed": {"fields": ["Imgc"]}}]	14	1
41	2025-03-19 19:46:08.090935+02	4	Bracelets	1	[{"added": {}}]	14	1
42	2025-03-19 19:46:45.149671+02	5	Earrings	1	[{"added": {}}]	14	1
43	2025-03-19 19:47:16.782346+02	2	Rings	2	[{"changed": {"fields": ["Imgc"]}}]	14	1
44	2025-03-19 19:48:09.331565+02	2	Rings	2	[{"changed": {"fields": ["Imgc"]}}]	14	1
45	2025-03-19 19:49:48.091684+02	6	Anklets	1	[{"added": {}}]	14	1
46	2025-03-19 19:51:50.575392+02	7	Sunglasses	1	[{"added": {}}]	14	1
47	2025-03-19 19:53:33.399216+02	8	Watches	1	[{"added": {}}]	14	1
48	2025-03-19 19:55:05.981368+02	9	Handbags	1	[{"added": {}}]	14	1
49	2025-03-19 19:56:44.247185+02	10	Backpacks	1	[{"added": {}}]	14	1
50	2025-03-19 19:58:31.771589+02	11	Earphone Cases	1	[{"added": {}}]	14	1
51	2025-03-19 20:01:17.599958+02	2	ring	2	[{"changed": {"fields": ["Img"]}}]	20	1
52	2025-03-19 20:06:59.573668+02	3	series	2	[{"changed": {"fields": ["Img"]}}]	20	1
53	2025-03-19 20:18:33.696428+02	2	ring	2	[{"changed": {"fields": ["Img"]}}]	20	1
54	2025-03-20 00:48:47.612467+02	3	Engagement	2	[{"changed": {"fields": ["Name", "Desc", "Img", "Price"]}}]	20	1
55	2025-03-20 00:50:05.996015+02	3	Engagement Ring	2	[{"changed": {"fields": ["Name"]}}]	20	1
56	2025-03-20 00:52:09.01104+02	2	Promise Ring	2	[{"changed": {"fields": ["Name", "Desc", "Img", "Price"]}}]	20	1
57	2025-03-20 00:56:18.570439+02	2	Promise Ring	2	[{"changed": {"fields": ["Img"]}}]	20	1
58	2025-03-20 00:58:22.726559+02	4	Eternity Ring	1	[{"added": {}}]	20	1
59	2025-03-20 00:59:33.115109+02	2	Promise Ring	2	[{"changed": {"fields": ["Img"]}}]	20	1
60	2025-03-20 01:07:35.628829+02	6	Engagement Ring red	1	[{"added": {}}]	15	1
61	2025-03-20 01:07:39.61546+02	6	ProductColor object (6)	1	[{"added": {}}]	21	1
62	2025-03-20 01:13:49.338436+02	4	Eternity Ring	2	[{"changed": {"fields": ["Img"]}}]	20	1
63	2025-03-20 01:14:24.345792+02	4	Eternity Ring	2	[{"changed": {"fields": ["Img"]}}]	20	1
64	2025-03-20 01:16:13.946942+02	3	Engagement Ring	2	[{"changed": {"fields": ["Img"]}}]	20	1
65	2025-03-20 01:17:45.464775+02	3	Engagement Ring	2	[{"changed": {"fields": ["Img"]}}]	20	1
66	2025-03-20 01:46:43.9804+02	6	red	2	[{"changed": {"fields": ["Name"]}}]	15	1
67	2025-03-20 01:52:50.821931+02	6	red	2	[{"changed": {"fields": ["Img"]}}]	15	1
69	2025-03-20 01:53:36.674406+02	5	Promise Ring	3		21	1
70	2025-03-20 01:53:36.674512+02	4	Promise Ring	3		21	1
71	2025-03-20 01:53:36.674591+02	2	Promise Ring	3		21	1
72	2025-03-20 01:53:55.102388+02	5	brown	3		15	1
73	2025-03-20 01:53:55.102491+02	4	green	3		15	1
74	2025-03-20 01:53:55.102568+02	2	red	3		15	1
75	2025-03-20 02:48:49.561469+02	5	bassem	1	[{"added": {}}]	20	1
76	2025-03-20 02:49:59.975064+02	5	bassem	3		20	1
77	2025-03-20 03:49:47.121787+02	3	Engagement Ring	2	[{"changed": {"fields": ["Desc"]}}]	20	1
78	2025-03-20 05:00:11.90279+02	3	Engagement Ring	2	[{"changed": {"fields": ["Desc", "Design", "Detail"]}}]	20	1
79	2025-03-20 05:47:14.912272+02	7	yellow	1	[{"added": {}}]	15	1
80	2025-03-20 05:47:16.286043+02	7	Engagement Ring - yellow	1	[{"added": {}}]	21	1
81	2025-03-20 06:11:21.582943+02	7	silver	2	[{"changed": {"fields": ["Name", "Img"]}}]	15	1
82	2025-03-20 06:12:14.675075+02	7	silver	2	[{"changed": {"fields": ["Img"]}}]	15	1
83	2025-03-21 01:11:48.105349+02	1	mnem	2	[]	24	1
84	2025-03-21 02:28:06.871303+02	4	ayman	2	[{"changed": {"fields": ["User name"]}}]	24	1
\.


--
-- Data for Name: django_content_type; Type: TABLE DATA; Schema: public; Owner: postgres
--

COPY public.django_content_type (id, app_label, model) FROM stdin;
1	admin	logentry
2	auth	permission
3	auth	group
4	auth	user
5	contenttypes	contenttype
6	sessions	session
7	client	client
8	super	authgroup
9	super	authgrouppermissions
10	super	authpermission
11	super	authuser
12	super	authusergroups
13	super	authuseruserpermissions
14	super	category
15	super	color
16	super	djangoadminlog
17	super	djangocontenttype
18	super	djangomigrations
19	super	djangosession
20	super	product
21	super	productcolor
22	super	productuser
23	super	suber
24	super	client
\.


--
-- Data for Name: django_migrations; Type: TABLE DATA; Schema: public; Owner: postgres
--

COPY public.django_migrations (id, app, name, applied) FROM stdin;
1	contenttypes	0001_initial	2025-03-14 13:44:00.641343+02
2	auth	0001_initial	2025-03-14 13:44:00.818443+02
3	admin	0001_initial	2025-03-14 13:44:00.87561+02
4	admin	0002_logentry_remove_auto_add	2025-03-14 13:44:00.901892+02
5	admin	0003_logentry_add_action_flag_choices	2025-03-14 13:44:00.920393+02
6	contenttypes	0002_remove_content_type_name	2025-03-14 13:44:00.962114+02
7	auth	0002_alter_permission_name_max_length	2025-03-14 13:44:00.980349+02
8	auth	0003_alter_user_email_max_length	2025-03-14 13:44:01.000694+02
9	auth	0004_alter_user_username_opts	2025-03-14 13:44:01.018934+02
10	auth	0005_alter_user_last_login_null	2025-03-14 13:44:01.038793+02
11	auth	0006_require_contenttypes_0002	2025-03-14 13:44:01.044324+02
12	auth	0007_alter_validators_add_error_messages	2025-03-14 13:44:01.061772+02
13	auth	0008_alter_user_username_max_length	2025-03-14 13:44:01.087176+02
14	auth	0009_alter_user_last_name_max_length	2025-03-14 13:44:01.10748+02
15	auth	0010_alter_group_name_max_length	2025-03-14 13:44:01.133404+02
16	auth	0011_update_proxy_permissions	2025-03-14 13:44:01.148806+02
17	auth	0012_alter_user_first_name_max_length	2025-03-14 13:44:01.168313+02
18	sessions	0001_initial	2025-03-14 13:44:01.187564+02
19	client	0001_initial	2025-03-15 13:03:44.464849+02
20	super	0001_initial	2025-03-15 14:03:34.197985+02
21	super	0002_alter_category_options_alter_color_options_and_more	2025-03-15 14:04:41.662118+02
22	super	0002_delete_authgroup_delete_authgrouppermissions_and_more	2025-03-15 16:15:44.464235+02
23	super	0003_authgroup_authgrouppermissions_authpermission_and_more	2025-03-20 04:47:39.630642+02
24	super	0004_alter_category_options_alter_color_options_and_more	2025-03-20 04:48:09.476606+02
\.


--
-- Data for Name: django_session; Type: TABLE DATA; Schema: public; Owner: postgres
--

COPY public.django_session (session_key, session_data, expire_date) FROM stdin;
jg450av3wa9rt1liy8205fk04u2nicwk	.eJw9jEEOwiAURO8ya7AfDDFyDQ9ACEX8C6BSujANdxc3biaZvHlzIvjWYU_oX2ytrkfojldYLVB8jrBoXBLEhBxmNUQC78OXzv0DqwQ4p7la_nL2Ke7LI7QYy_6q3T1bzU6TNpKuUimnbtLcpaHLNo_HGF9T0SrH:1tuxC5:Qz0I_gXPgx6AyJBFK72wNyPEu8yF0_HK-PGyXh-YMKM	2025-04-02 19:27:05.810256+02
ixeyrl6uwd2xn6yo0erx4yqc0twtz2cb	.eJxVjDsOwjAQRO_iGln-rI2hpM8ZLK93jQPIkeKkQtydREoBzRTz3sxbxLQuNa6d5ziSuAotTr8dpvzktgN6pHafZJ7aMo8od0UetMthIn7dDvfvoKZet7UxRiN7zxY1oQIAq0D7RHBRATFr57MnQG2Bz6VwcYFgC0uEEFwQny_SwzfL:1ttQeu:7dU8X6RZpn8-6ZNQHKaHS29m_UOeo755mkBhp62aReY	2025-03-29 14:30:32.446738+02
dh7vdx5pjoeya0vv5kcna0hfwq4jck2d	.eJwVjEkOAiEQAP_SZ3AaDDHyDR9ACCL2gcWenoOZ8HfxUkkllTohRRbwJ9g_WqwZPDC1AgoGU1rqEBV8jtiE5AveKKBaVrUN7s8jSaAaS963R-Kc2_7uEl7ca7BoncarNiaYm3Z37fAy1njO-QPWvyW-:1tuLvA:2ge-Bsi28b-k8yQV7mAjStHofrX2Mh9Vo1gV_86fyJQ	2025-04-01 03:39:08.520567+02
yxgzbu0lp2xf9pvpvj3m4rjos7azvkiu	.eJxVjLuOwyAQRf9lapsABsdxuX2qfADiMbbZjcELuFhF_vfFUpo0V7pzz5wXWJ0KjC_gZwS9IoyQfJihgS15W6uktIHfXYfiyx-MvAG_zpW6bCm63RblVz1jvjxsQgx5iUVNKa6KUy5b2rWMKXZt5a2VlGxVfBwNKL2XRe0Zk_Kuuhh83Iy2PxjOwX3rMEdiYyjJG3Ii5L1mco8On19v9kOw6LzUb845M9j32BnmDBVCdFSwXjtxo4Mxlsne9k4Y1gm8ThNOcnCiRuecEYMc4PgHMzNcvQ:1tugsW:MGP2Or8GMhEimuTjIyr8LX2DpaZbLHSz8AuyHH6QSYE	2025-04-02 02:01:48.796909+02
5if1whpirb8bo7zwdyv5p145umptdj7m	eyJ1c2VyX2lkIjozfQ:1tvPjx:s7oYKnxeW7Lf2dIH07jOevrNZKu4Kqt7l5k_GoS8m0Y	2025-04-04 01:55:57.647621+02
xzxqkkwjuz14xvujhmpizkt408k8un9x	eyJ1c2VyX2lkIjozfQ:1tvl5H:6qIyKYMxZ8t-_T7ajnCgPb5Dv_dEGi9BCmgD2PBsBus	2025-03-23 00:43:23.708116+02
qcztzuftcl925suq3o2660dzv2estjqv	.eJxVjktOxDAQRK-Cem15_IsJWbJHQlwg8qeTGIgdbGeBRrk7DhqNYFOLqlfVfYXR7HUZ94J5DB4G4ED-eta4D4xn4N9NnBN1KdYcLD0ReksLfUkeP59v7L-BxZSltYUQ3KLWKC33limlJFNcG6-eWG-t45122ivLpcLHacKp671qIr23qu_6Nnr_URJwJlcYriBO2XLyu6u_mSAQzYrt4mtOayj48Bbi3NpbDq7ZkjECX7uJNdRvGDiBsM6NvtxHVjNjuQhBt9Y7juMH2NheYg:1tvpDN:ZnpW8Ggit1rq7ZUU9BlnHp5Gr2rbElRF3vNzFkuEYw4	2025-03-23 05:08:01.340192+02
ilzakqpboald4ubfvbvk96ao3vrwgrn4	eyJ1c2VyX2lkIjozfQ:1tvQAG:nwbxkWLeSrR38cNZtZZHFSaQC73AOhqm5h4SEmkh_z4	2025-03-22 02:23:08.238644+02
osgm3pcu1zgp7mcmj3wrdqy0azk2ewmb	.eJyVjTtuwzAQRO_CWpS5_Fl2mT5VDkDwJ4lJRCokVQSG7h4KMQK7TDPAzszOuyGltzqrrfisgkNXBKh79Iy2Hz4egXvXcUq9TbHmYPqj0t_T0r8m5z9f7t2ngVmXuX1TSsF4KT0z4AzhnDPCQWrHL2QwxoKQVjpugHF_Hkc_isHxJsw5wwcxtFGrc0XXG2KHRL34NtsIwZcWrjnYZkhCOvS16VhD_W5nh8Iytd5pzclttqqw6MmX05vN3scyp6rGnBZFCRWYMAxEgcAcMLn0a5zQ3iH6gMuheX8w8QyDf8NAwRmLCxbkF7bvP8Y1f2c:1tuiVF:5LymUfWRz64tRBm44XI5ITnM4Q47UrsHdVJZalHwGIA	2025-04-02 03:45:53.988551+02
\.


--
-- Data for Name: product; Type: TABLE DATA; Schema: public; Owner: postgres
--

COPY public.product (product_id, name, "desc", img, price, admin_id, category_id, design, detail) FROM stdin;
3	Engagement Ring	An engagement ring is a symbol of love and commitment, often crafted with elegant and timeless designs. It is typically made from precious metals and features a stunning gemstone, most commonly a diamond.	product_images/ahmed.png	200	2	2	Solitaire: A single, prominent diamond for a classic and sophisticated appearance. Halo: A central stone surrounded by smaller diamonds, adding extra sparkle and elegance.	Metal: 18K white gold or platinum for a sleek and modern look. Gemstone: A central diamond with a brilliant round cut or oval cut for maximum brilliance.Delicate engravings on the band or personalized initials for a unique touch.
2	Promise Ring	A promise ring is a meaningful symbol of devotion, commitment, or a special promise between two people. It is often simpler and more delicate than an engagement ring, yet still carries deep sentimental value. Promise Ring Features:      Metal: Sterling silver, 14K or 18K gold (white, yellow, or rose) for a refined and elegant touch.     Gemstone (Optional): A small diamond, sapphire, or birthstone to add a personal and unique meaning.     Design:         Minimalist Band: A sleek and simple band for a timeless and understated look.         Heart or Infinity Symbol: Represents eternal love, frie	product_images/22.png	300	2	2	\N	\N
4	Eternity Ring	Eternity Ring Description  An eternity ring is a timeless symbol of everlasting love and commitment, often given as an anniversary gift, a special milestone celebration, or even as a wedding band. It is designed to represent infinite love and unity. Eternity Ring Features:      Metal: 18K white gold, yellow gold, rose gold, or platinum for a luxurious and durable finish.     Gemstones: A continuous row of diamonds or other precious stones (such as sapphires, rubies, or emeralds) set around the entire or half of the band.     Design:         Full Eternity: Diamonds or gemstones encircle the ent	product_images/8787878787878.png	300	2	2	\N	\N
\.


--
-- Data for Name: product_color; Type: TABLE DATA; Schema: public; Owner: postgres
--

COPY public.product_color (pc_id, product_id, color_id) FROM stdin;
6	3	6
7	3	7
\.


--
-- Data for Name: product_user; Type: TABLE DATA; Schema: public; Owner: postgres
--

COPY public.product_user (pu_id, product_id, user_id) FROM stdin;
1	2	1
\.


--
-- Data for Name: suber; Type: TABLE DATA; Schema: public; Owner: postgres
--

COPY public.suber (admin_id, fname, password) FROM stdin;
2	mohammed_ahmed	123456
\.


--
-- Name: auth_group_id_seq; Type: SEQUENCE SET; Schema: public; Owner: postgres
--

SELECT pg_catalog.setval('public.auth_group_id_seq', 1, false);


--
-- Name: auth_group_permissions_id_seq; Type: SEQUENCE SET; Schema: public; Owner: postgres
--

SELECT pg_catalog.setval('public.auth_group_permissions_id_seq', 1, false);


--
-- Name: auth_permission_id_seq; Type: SEQUENCE SET; Schema: public; Owner: postgres
--

SELECT pg_catalog.setval('public.auth_permission_id_seq', 96, true);


--
-- Name: auth_user_groups_id_seq; Type: SEQUENCE SET; Schema: public; Owner: postgres
--

SELECT pg_catalog.setval('public.auth_user_groups_id_seq', 1, false);


--
-- Name: auth_user_id_seq; Type: SEQUENCE SET; Schema: public; Owner: postgres
--

SELECT pg_catalog.setval('public.auth_user_id_seq', 2, true);


--
-- Name: auth_user_user_permissions_id_seq; Type: SEQUENCE SET; Schema: public; Owner: postgres
--

SELECT pg_catalog.setval('public.auth_user_user_permissions_id_seq', 1, false);


--
-- Name: category_category_id_seq; Type: SEQUENCE SET; Schema: public; Owner: postgres
--

SELECT pg_catalog.setval('public.category_category_id_seq', 11, true);


--
-- Name: client_user_id_seq; Type: SEQUENCE SET; Schema: public; Owner: postgres
--

SELECT pg_catalog.setval('public.client_user_id_seq', 4, true);


--
-- Name: color_color_id_seq; Type: SEQUENCE SET; Schema: public; Owner: postgres
--

SELECT pg_catalog.setval('public.color_color_id_seq', 7, true);


--
-- Name: django_admin_log_id_seq; Type: SEQUENCE SET; Schema: public; Owner: postgres
--

SELECT pg_catalog.setval('public.django_admin_log_id_seq', 84, true);


--
-- Name: django_content_type_id_seq; Type: SEQUENCE SET; Schema: public; Owner: postgres
--

SELECT pg_catalog.setval('public.django_content_type_id_seq', 24, true);


--
-- Name: django_migrations_id_seq; Type: SEQUENCE SET; Schema: public; Owner: postgres
--

SELECT pg_catalog.setval('public.django_migrations_id_seq', 24, true);


--
-- Name: product_color_pc_id_seq; Type: SEQUENCE SET; Schema: public; Owner: postgres
--

SELECT pg_catalog.setval('public.product_color_pc_id_seq', 7, true);


--
-- Name: product_product_id_seq; Type: SEQUENCE SET; Schema: public; Owner: postgres
--

SELECT pg_catalog.setval('public.product_product_id_seq', 5, true);


--
-- Name: product_user_pu_id_seq; Type: SEQUENCE SET; Schema: public; Owner: postgres
--

SELECT pg_catalog.setval('public.product_user_pu_id_seq', 1, true);


--
-- Name: suber_admin_id_seq; Type: SEQUENCE SET; Schema: public; Owner: postgres
--

SELECT pg_catalog.setval('public.suber_admin_id_seq', 2, true);


--
-- Name: auth_group auth_group_name_key; Type: CONSTRAINT; Schema: public; Owner: postgres
--

ALTER TABLE ONLY public.auth_group
    ADD CONSTRAINT auth_group_name_key UNIQUE (name);


--
-- Name: auth_group_permissions auth_group_permissions_group_id_permission_id_0cd325b0_uniq; Type: CONSTRAINT; Schema: public; Owner: postgres
--

ALTER TABLE ONLY public.auth_group_permissions
    ADD CONSTRAINT auth_group_permissions_group_id_permission_id_0cd325b0_uniq UNIQUE (group_id, permission_id);


--
-- Name: auth_group_permissions auth_group_permissions_pkey; Type: CONSTRAINT; Schema: public; Owner: postgres
--

ALTER TABLE ONLY public.auth_group_permissions
    ADD CONSTRAINT auth_group_permissions_pkey PRIMARY KEY (id);


--
-- Name: auth_group auth_group_pkey; Type: CONSTRAINT; Schema: public; Owner: postgres
--

ALTER TABLE ONLY public.auth_group
    ADD CONSTRAINT auth_group_pkey PRIMARY KEY (id);


--
-- Name: auth_permission auth_permission_content_type_id_codename_01ab375a_uniq; Type: CONSTRAINT; Schema: public; Owner: postgres
--

ALTER TABLE ONLY public.auth_permission
    ADD CONSTRAINT auth_permission_content_type_id_codename_01ab375a_uniq UNIQUE (content_type_id, codename);


--
-- Name: auth_permission auth_permission_pkey; Type: CONSTRAINT; Schema: public; Owner: postgres
--

ALTER TABLE ONLY public.auth_permission
    ADD CONSTRAINT auth_permission_pkey PRIMARY KEY (id);


--
-- Name: auth_user_groups auth_user_groups_pkey; Type: CONSTRAINT; Schema: public; Owner: postgres
--

ALTER TABLE ONLY public.auth_user_groups
    ADD CONSTRAINT auth_user_groups_pkey PRIMARY KEY (id);


--
-- Name: auth_user_groups auth_user_groups_user_id_group_id_94350c0c_uniq; Type: CONSTRAINT; Schema: public; Owner: postgres
--

ALTER TABLE ONLY public.auth_user_groups
    ADD CONSTRAINT auth_user_groups_user_id_group_id_94350c0c_uniq UNIQUE (user_id, group_id);


--
-- Name: auth_user auth_user_pkey; Type: CONSTRAINT; Schema: public; Owner: postgres
--

ALTER TABLE ONLY public.auth_user
    ADD CONSTRAINT auth_user_pkey PRIMARY KEY (id);


--
-- Name: auth_user_user_permissions auth_user_user_permissions_pkey; Type: CONSTRAINT; Schema: public; Owner: postgres
--

ALTER TABLE ONLY public.auth_user_user_permissions
    ADD CONSTRAINT auth_user_user_permissions_pkey PRIMARY KEY (id);


--
-- Name: auth_user_user_permissions auth_user_user_permissions_user_id_permission_id_14a6b632_uniq; Type: CONSTRAINT; Schema: public; Owner: postgres
--

ALTER TABLE ONLY public.auth_user_user_permissions
    ADD CONSTRAINT auth_user_user_permissions_user_id_permission_id_14a6b632_uniq UNIQUE (user_id, permission_id);


--
-- Name: auth_user auth_user_username_key; Type: CONSTRAINT; Schema: public; Owner: postgres
--

ALTER TABLE ONLY public.auth_user
    ADD CONSTRAINT auth_user_username_key UNIQUE (username);


--
-- Name: category category_pkey; Type: CONSTRAINT; Schema: public; Owner: postgres
--

ALTER TABLE ONLY public.category
    ADD CONSTRAINT category_pkey PRIMARY KEY (category_id);


--
-- Name: client client_pkey; Type: CONSTRAINT; Schema: public; Owner: postgres
--

ALTER TABLE ONLY public.client
    ADD CONSTRAINT client_pkey PRIMARY KEY (user_id);


--
-- Name: color color_pkey; Type: CONSTRAINT; Schema: public; Owner: postgres
--

ALTER TABLE ONLY public.color
    ADD CONSTRAINT color_pkey PRIMARY KEY (color_id);


--
-- Name: django_admin_log django_admin_log_pkey; Type: CONSTRAINT; Schema: public; Owner: postgres
--

ALTER TABLE ONLY public.django_admin_log
    ADD CONSTRAINT django_admin_log_pkey PRIMARY KEY (id);


--
-- Name: django_content_type django_content_type_app_label_model_76bd3d3b_uniq; Type: CONSTRAINT; Schema: public; Owner: postgres
--

ALTER TABLE ONLY public.django_content_type
    ADD CONSTRAINT django_content_type_app_label_model_76bd3d3b_uniq UNIQUE (app_label, model);


--
-- Name: django_content_type django_content_type_pkey; Type: CONSTRAINT; Schema: public; Owner: postgres
--

ALTER TABLE ONLY public.django_content_type
    ADD CONSTRAINT django_content_type_pkey PRIMARY KEY (id);


--
-- Name: django_migrations django_migrations_pkey; Type: CONSTRAINT; Schema: public; Owner: postgres
--

ALTER TABLE ONLY public.django_migrations
    ADD CONSTRAINT django_migrations_pkey PRIMARY KEY (id);


--
-- Name: django_session django_session_pkey; Type: CONSTRAINT; Schema: public; Owner: postgres
--

ALTER TABLE ONLY public.django_session
    ADD CONSTRAINT django_session_pkey PRIMARY KEY (session_key);


--
-- Name: product_color product_color_pkey; Type: CONSTRAINT; Schema: public; Owner: postgres
--

ALTER TABLE ONLY public.product_color
    ADD CONSTRAINT product_color_pkey PRIMARY KEY (pc_id);


--
-- Name: product product_pkey; Type: CONSTRAINT; Schema: public; Owner: postgres
--

ALTER TABLE ONLY public.product
    ADD CONSTRAINT product_pkey PRIMARY KEY (product_id);


--
-- Name: product_user product_user_pkey; Type: CONSTRAINT; Schema: public; Owner: postgres
--

ALTER TABLE ONLY public.product_user
    ADD CONSTRAINT product_user_pkey PRIMARY KEY (pu_id);


--
-- Name: suber suber_pkey; Type: CONSTRAINT; Schema: public; Owner: postgres
--

ALTER TABLE ONLY public.suber
    ADD CONSTRAINT suber_pkey PRIMARY KEY (admin_id);


--
-- Name: auth_group_name_a6ea08ec_like; Type: INDEX; Schema: public; Owner: postgres
--

CREATE INDEX auth_group_name_a6ea08ec_like ON public.auth_group USING btree (name varchar_pattern_ops);


--
-- Name: auth_group_permissions_group_id_b120cbf9; Type: INDEX; Schema: public; Owner: postgres
--

CREATE INDEX auth_group_permissions_group_id_b120cbf9 ON public.auth_group_permissions USING btree (group_id);


--
-- Name: auth_group_permissions_permission_id_84c5c92e; Type: INDEX; Schema: public; Owner: postgres
--

CREATE INDEX auth_group_permissions_permission_id_84c5c92e ON public.auth_group_permissions USING btree (permission_id);


--
-- Name: auth_permission_content_type_id_2f476e4b; Type: INDEX; Schema: public; Owner: postgres
--

CREATE INDEX auth_permission_content_type_id_2f476e4b ON public.auth_permission USING btree (content_type_id);


--
-- Name: auth_user_groups_group_id_97559544; Type: INDEX; Schema: public; Owner: postgres
--

CREATE INDEX auth_user_groups_group_id_97559544 ON public.auth_user_groups USING btree (group_id);


--
-- Name: auth_user_groups_user_id_6a12ed8b; Type: INDEX; Schema: public; Owner: postgres
--

CREATE INDEX auth_user_groups_user_id_6a12ed8b ON public.auth_user_groups USING btree (user_id);


--
-- Name: auth_user_user_permissions_permission_id_1fbb5f2c; Type: INDEX; Schema: public; Owner: postgres
--

CREATE INDEX auth_user_user_permissions_permission_id_1fbb5f2c ON public.auth_user_user_permissions USING btree (permission_id);


--
-- Name: auth_user_user_permissions_user_id_a95ead1b; Type: INDEX; Schema: public; Owner: postgres
--

CREATE INDEX auth_user_user_permissions_user_id_a95ead1b ON public.auth_user_user_permissions USING btree (user_id);


--
-- Name: auth_user_username_6821ab7c_like; Type: INDEX; Schema: public; Owner: postgres
--

CREATE INDEX auth_user_username_6821ab7c_like ON public.auth_user USING btree (username varchar_pattern_ops);


--
-- Name: django_admin_log_content_type_id_c4bce8eb; Type: INDEX; Schema: public; Owner: postgres
--

CREATE INDEX django_admin_log_content_type_id_c4bce8eb ON public.django_admin_log USING btree (content_type_id);


--
-- Name: django_admin_log_user_id_c564eba6; Type: INDEX; Schema: public; Owner: postgres
--

CREATE INDEX django_admin_log_user_id_c564eba6 ON public.django_admin_log USING btree (user_id);


--
-- Name: django_session_expire_date_a5c62663; Type: INDEX; Schema: public; Owner: postgres
--

CREATE INDEX django_session_expire_date_a5c62663 ON public.django_session USING btree (expire_date);


--
-- Name: django_session_session_key_c0390e0f_like; Type: INDEX; Schema: public; Owner: postgres
--

CREATE INDEX django_session_session_key_c0390e0f_like ON public.django_session USING btree (session_key varchar_pattern_ops);


--
-- Name: auth_group_permissions auth_group_permissio_permission_id_84c5c92e_fk_auth_perm; Type: FK CONSTRAINT; Schema: public; Owner: postgres
--

ALTER TABLE ONLY public.auth_group_permissions
    ADD CONSTRAINT auth_group_permissio_permission_id_84c5c92e_fk_auth_perm FOREIGN KEY (permission_id) REFERENCES public.auth_permission(id) DEFERRABLE INITIALLY DEFERRED;


--
-- Name: auth_group_permissions auth_group_permissions_group_id_b120cbf9_fk_auth_group_id; Type: FK CONSTRAINT; Schema: public; Owner: postgres
--

ALTER TABLE ONLY public.auth_group_permissions
    ADD CONSTRAINT auth_group_permissions_group_id_b120cbf9_fk_auth_group_id FOREIGN KEY (group_id) REFERENCES public.auth_group(id) DEFERRABLE INITIALLY DEFERRED;


--
-- Name: auth_permission auth_permission_content_type_id_2f476e4b_fk_django_co; Type: FK CONSTRAINT; Schema: public; Owner: postgres
--

ALTER TABLE ONLY public.auth_permission
    ADD CONSTRAINT auth_permission_content_type_id_2f476e4b_fk_django_co FOREIGN KEY (content_type_id) REFERENCES public.django_content_type(id) DEFERRABLE INITIALLY DEFERRED;


--
-- Name: auth_user_groups auth_user_groups_group_id_97559544_fk_auth_group_id; Type: FK CONSTRAINT; Schema: public; Owner: postgres
--

ALTER TABLE ONLY public.auth_user_groups
    ADD CONSTRAINT auth_user_groups_group_id_97559544_fk_auth_group_id FOREIGN KEY (group_id) REFERENCES public.auth_group(id) DEFERRABLE INITIALLY DEFERRED;


--
-- Name: auth_user_groups auth_user_groups_user_id_6a12ed8b_fk_auth_user_id; Type: FK CONSTRAINT; Schema: public; Owner: postgres
--

ALTER TABLE ONLY public.auth_user_groups
    ADD CONSTRAINT auth_user_groups_user_id_6a12ed8b_fk_auth_user_id FOREIGN KEY (user_id) REFERENCES public.auth_user(id) DEFERRABLE INITIALLY DEFERRED;


--
-- Name: auth_user_user_permissions auth_user_user_permi_permission_id_1fbb5f2c_fk_auth_perm; Type: FK CONSTRAINT; Schema: public; Owner: postgres
--

ALTER TABLE ONLY public.auth_user_user_permissions
    ADD CONSTRAINT auth_user_user_permi_permission_id_1fbb5f2c_fk_auth_perm FOREIGN KEY (permission_id) REFERENCES public.auth_permission(id) DEFERRABLE INITIALLY DEFERRED;


--
-- Name: auth_user_user_permissions auth_user_user_permissions_user_id_a95ead1b_fk_auth_user_id; Type: FK CONSTRAINT; Schema: public; Owner: postgres
--

ALTER TABLE ONLY public.auth_user_user_permissions
    ADD CONSTRAINT auth_user_user_permissions_user_id_a95ead1b_fk_auth_user_id FOREIGN KEY (user_id) REFERENCES public.auth_user(id) DEFERRABLE INITIALLY DEFERRED;


--
-- Name: django_admin_log django_admin_log_content_type_id_c4bce8eb_fk_django_co; Type: FK CONSTRAINT; Schema: public; Owner: postgres
--

ALTER TABLE ONLY public.django_admin_log
    ADD CONSTRAINT django_admin_log_content_type_id_c4bce8eb_fk_django_co FOREIGN KEY (content_type_id) REFERENCES public.django_content_type(id) DEFERRABLE INITIALLY DEFERRED;


--
-- Name: django_admin_log django_admin_log_user_id_c564eba6_fk_auth_user_id; Type: FK CONSTRAINT; Schema: public; Owner: postgres
--

ALTER TABLE ONLY public.django_admin_log
    ADD CONSTRAINT django_admin_log_user_id_c564eba6_fk_auth_user_id FOREIGN KEY (user_id) REFERENCES public.auth_user(id) DEFERRABLE INITIALLY DEFERRED;


--
-- Name: product fk_admin_id; Type: FK CONSTRAINT; Schema: public; Owner: postgres
--

ALTER TABLE ONLY public.product
    ADD CONSTRAINT fk_admin_id FOREIGN KEY (admin_id) REFERENCES public.suber(admin_id);


--
-- Name: color fk_admin_id; Type: FK CONSTRAINT; Schema: public; Owner: postgres
--

ALTER TABLE ONLY public.color
    ADD CONSTRAINT fk_admin_id FOREIGN KEY (admin_id) REFERENCES public.suber(admin_id);


--
-- Name: category fk_admin_id; Type: FK CONSTRAINT; Schema: public; Owner: postgres
--

ALTER TABLE ONLY public.category
    ADD CONSTRAINT fk_admin_id FOREIGN KEY (admin_id) REFERENCES public.suber(admin_id);


--
-- Name: product fk_category_id; Type: FK CONSTRAINT; Schema: public; Owner: postgres
--

ALTER TABLE ONLY public.product
    ADD CONSTRAINT fk_category_id FOREIGN KEY (category_id) REFERENCES public.category(category_id);


--
-- Name: product_color fk_color_id; Type: FK CONSTRAINT; Schema: public; Owner: postgres
--

ALTER TABLE ONLY public.product_color
    ADD CONSTRAINT fk_color_id FOREIGN KEY (color_id) REFERENCES public.color(color_id);


--
-- Name: product_user fk_product_id; Type: FK CONSTRAINT; Schema: public; Owner: postgres
--

ALTER TABLE ONLY public.product_user
    ADD CONSTRAINT fk_product_id FOREIGN KEY (product_id) REFERENCES public.product(product_id);


--
-- Name: product_color fk_product_id; Type: FK CONSTRAINT; Schema: public; Owner: postgres
--

ALTER TABLE ONLY public.product_color
    ADD CONSTRAINT fk_product_id FOREIGN KEY (product_id) REFERENCES public.product(product_id);


--
-- Name: product_user fk_user_id; Type: FK CONSTRAINT; Schema: public; Owner: postgres
--

ALTER TABLE ONLY public.product_user
    ADD CONSTRAINT fk_user_id FOREIGN KEY (user_id) REFERENCES public.client(user_id);


--
-- PostgreSQL database dump complete
--

